Year,Total investment (in billions of U.S. dollars)
2019,0.83904001
2020,2.083558172
2021,4.171100137
2022,2.851839922
2023,25.227197113
